<?xml version="1.0" encoding="UTF-8"?>
<project-private xmlns="http://www.netbeans.org/ns/project-private/1">
    <editor-bookmarks xmlns="http://www.netbeans.org/ns/editor-bookmarks/2" lastBookmarkId="0"/>
    <open-files xmlns="http://www.netbeans.org/ns/projectui-open-files/2">
        <group>
            <file>file:/C:/Users/prart/OneDrive/Documents/NetBeansProjects/GlobalHealthcare/src/globalhealthcare/MainJFrame.java</file>
            <file>file:/C:/Users/prart/OneDrive/Documents/NetBeansProjects/GlobalHealthcare/src/globalhealthcare/GlobalHealthcare.java</file>
            <file>file:/C:/Users/prart/OneDrive/Documents/NetBeansProjects/GlobalHealthcare/src/globalhealthcare/LoginPopJPanel.java</file>
            <file>file:/C:/Users/prart/OneDrive/Documents/NetBeansProjects/GlobalHealthcare/src/globalhealthcare/welcomeDoctor.java</file>
            <file>file:/C:/Users/prart/OneDrive/Documents/NetBeansProjects/GlobalHealthcare/src/globalhealthcare/welcome.java</file>
            <file>file:/C:/Users/prart/OneDrive/Documents/NetBeansProjects/GlobalHealthcare/src/globalhealthcare/welcomeStaff.java</file>
            <file>file:/C:/Users/prart/OneDrive/Documents/NetBeansProjects/GlobalHealthcare/src/globalhealthcare/welcomeDept.java</file>
        </group>
    </open-files>
</project-private>
